24370,22788,22779,"5.1","",50,40,"Kamaraerdei","út","O",33,33,"",0,0,"Budapest"
516001,391132,392630,"7","TF",50,22,"Felsõhatár","utca","O",57,77,"",0,0,"Budaörs"
516004,392053,391132,"6","TF",50,30,"Felsõhatár","utca","O",43,55,"",0,0,"Budaörs"
516005,392054,392053,"6","TF",50,30,"Felsõhatár","utca","O",29,41,"",0,0,"Budaörs"
516006,392057,392054,"6","TF",50,30,"Felsõhatár","utca","O",11,27,"",0,0,"Budaörs"
516007,392631,392057,"6","TF",50,30,"Felsõhatár","utca","O",1,9,"",0,0,"Budaörs"
505177,384732,384734,"7","TF",50,22,"Felsõörsöd","utca","",0,0,"",0,0,"Budapest"
513342,390731,390732,"1","FT",100,128,"","","",0,0,"",0,0,"Budaörs"
513524,390859,390858,"4","",50,45,"Szabadság","út","O",317,327,"",0,0,"Budaörs"
513525,390860,390859,"4","",50,45,"Szabadság","út","O",283,315,"",0,0,"Budaörs"
513526,390861,390860,"4","",50,45,"Szabadság","út","O",261,281,"",0,0,"Budaörs"
513527,390862,390861,"4","",50,45,"Szabadság","út","O",249,259,"",0,0,"Budaörs"
513528,390863,390862,"4","",50,45,"Szabadság","út","O",147,247,"E",164,242,"Budaörs"
513530,390865,390864,"4","",50,45,"Szabadság","út","",0,0,"E",162,162,"Budaörs"
513531,390866,390865,"4","",50,45,"Szabadság","út","O",119,129,"E",130,160,"Budaörs"
513536,390870,390869,"4","",50,45,"Szabadság","út","",0,0,"E",122,128,"Budaörs"
513537,390871,390870,"4","",50,45,"Szabadság","út","O",113,113,"E",114,120,"Budaörs"
513538,390872,390871,"4","",50,45,"Szabadság","út","",0,0,"E",112,112,"Budaörs"
513539,390873,390872,"4","",50,45,"Szabadság","út","O",111,111,"E",108,110,"Budaörs"
513540,390874,390873,"4","",50,45,"Szabadság","út","O",109,109,"E",106,106,"Budaörs"
513541,390875,390874,"4","",50,45,"Szabadság","út","O",107,107,"E",104,104,"Budaörs"
513542,390876,390875,"4","",50,45,"Szabadság","út","O",97,105,"E",94,102,"Budaörs"
513543,390877,390876,"4","",50,45,"Szabadság","út","O",93,95,"E",90,92,"Budaörs"
513544,390878,390877,"4","",50,45,"Szabadság","út","O",91,91,"E",88,88,"Budaörs"
523654,390883,397989,"4","",50,45,"Szabadság","út","O",1,11,"E",14,20,"Budaörs"
513550,390884,390883,"4","",50,45,"Szabadság","út","",0,0,"E",2,12,"Budaörs"
513555,390888,390889,"4","",50,45,"Budapesti","út","O",1,51,"E",2,48,"Budaörs"
513556,390889,390890,"4","",50,45,"Budapesti","út","O",53,57,"E",50,56,"Budaörs"
513557,390890,390891,"4","",50,45,"Budapesti","út","O",59,79,"E",58,74,"Budaörs"
513558,390891,390892,"4","",50,45,"Budapesti","út","O",81,85,"E",76,86,"Budaörs"
513559,390892,390893,"4","",50,45,"Budapesti","út","O",87,89,"E",88,98,"Budaörs"
513561,390894,390895,"4","",50,45,"Budapesti","út","O",91,91,"",0,0,"Budaörs"
513562,390895,390896,"4","",50,45,"Budapesti","út","O",93,107,"E",100,102,"Budaörs"
513563,390896,390897,"4","",50,45,"Budapesti","út","O",109,131,"E",104,140,"Budaörs"
513568,390902,390904,"5.1","",50,40,"Kamaraerdei","út","E",12,18,"",0,0,"Budapest"
513723,390864,391025,"6","",50,30,"Szivárvány","utca","",0,0,"E",2,2,"Budaörs"
513724,391025,391026,"6","",50,30,"Szivárvány","utca","",0,0,"E",4,4,"Budaörs"
513725,391026,391027,"6","",50,30,"Szivárvány","utca","",0,0,"E",6,6,"Budaörs"
513726,391027,391028,"6","",50,30,"Szivárvány","utca","",0,0,"E",8,8,"Budaörs"
513728,391029,391030,"6","",50,30,"Szivárvány","utca","",0,0,"E",10,10,"Budaörs"
513732,391032,391035,"6","",50,30,"Szivárvány","utca","O",3,3,"E",22,24,"Budaörs"
513734,391035,391036,"6","",50,30,"Szivárvány","utca","",0,0,"E",26,28,"Budaörs"
513735,391036,391037,"6","",50,30,"Szivárvány","utca","",0,0,"E",30,30,"Budaörs"
513739,391041,391039,"6","",50,30,"Baross","utca","O",89,89,"",0,0,"Budaörs"
513741,391044,391041,"6","",50,30,"Baross","utca","O",73,77,"",0,0,"Budaörs"
513768,391067,391053,"5.2","",50,35,"Baross","utca","O",67,71,"E",76,82,"Budaörs"
513772,391071,391067,"5.2","",50,35,"Baross","utca","O",63,65,"E",74,74,"Budaörs"
513774,391072,391052,"5.1","TF",50,40,"","","",0,0,"",0,0,"Budaörs"
513776,391070,391074,"5.1","TF",50,40,"Lomnici","köz","",0,0,"",0,0,"Budaörs"
513778,391075,391073,"5.2","",50,35,"Baross","utca","O",59,59,"E",70,70,"Budaörs"
513781,391077,391075,"5.2","",50,35,"Baross","utca","O",57,57,"E",54,68,"Budaörs"
513782,391078,391077,"5.2","",50,35,"Baross","utca","O",55,55,"E",52,52,"Budaörs"
513784,391080,391078,"5.2","",50,35,"Baross","utca","O",45,53,"E",48,50,"Budaörs"
513786,391082,391080,"5.2","",50,35,"Baross","utca","O",33,43,"E",34,46,"Budaörs"
513791,391088,391082,"5.2","",50,35,"Baross","utca","O",31,31,"E",32,32,"Budaörs"
513794,391091,391087,"5.1","",50,40,"Vasút","utca","",0,0,"",0,0,"Törökbálint"
513796,391093,391088,"5.2","",50,35,"Baross","utca","O",27,29,"E",28,30,"Budaörs"
513798,390881,391095,"5.1","",50,40,"Károly Király","utca","O",1,19,"E",2,16,"Budaörs"
513800,391095,391093,"5.1","",50,40,"Károly Király","utca","O",21,23,"E",18,20,"Budaörs"
513805,391100,391099,"5.1","",50,40,"Csata","utca","O",13,23,"E",14,18,"Budaörs"
513806,391093,391100,"5.1","",50,40,"Károly Király","utca","O",25,83,"E",22,82,"Budaörs"
513879,391150,391153,"6","",50,30,"Szakály Mátyás","utca","E",2,36,"O",1,7,"Budaörs"
513882,391156,391155,"6","",50,30,"Farkasréti","utca","",0,0,"E",36,36,"Budaörs"
513885,391156,391159,"6","",50,30,"Farkasréti","utca","",0,0,"E",38,44,"Budaörs"
513886,391159,391160,"6","",50,30,"Farkasréti","utca","",0,0,"E",46,46,"Budaörs"
513889,391160,391162,"6","",50,30,"Farkasréti","utca","O",53,61,"E",48,52,"Budaörs"
513891,391162,391163,"6","",50,30,"Farkasréti","utca","O",63,63,"E",54,54,"Budaörs"
513892,391163,391164,"6","",50,30,"Farkasréti","utca","O",65,69,"E",56,60,"Budaörs"
513893,391164,391165,"6","",50,30,"Farkasréti","utca","O",71,73,"E",62,64,"Budaörs"
513894,391165,391166,"6","",50,30,"Farkasréti","utca","O",75,77,"E",66,70,"Budaörs"
513895,391166,391167,"6","",50,30,"Farkasréti","utca","O",79,79,"E",72,72,"Budaörs"
513896,391167,391168,"6","",50,30,"Farkasréti","utca","O",81,83,"E",74,74,"Budaörs"
513897,391168,391169,"6","",50,30,"Farkasréti","utca","O",85,91,"E",76,84,"Budaörs"
513898,391169,391170,"6","",50,30,"Farkasréti","utca","",0,0,"E",86,86,"Budaörs"
513899,391170,391171,"6","",50,30,"Farkasréti","utca","O",93,93,"E",88,92,"Budaörs"
513900,391171,391172,"6","",50,30,"Farkasréti","utca","O",95,95,"E",94,94,"Budaörs"
513901,391172,391173,"6","",50,30,"Farkasréti","utca","O",97,103,"E",96,102,"Budaörs"
513902,391173,391174,"6","",50,30,"Farkasréti","utca","O",105,113,"E",104,110,"Budaörs"
513903,391174,391132,"6","",50,30,"Farkasréti","utca","O",115,115,"E",112,112,"Budaörs"
516147,390897,391188,"6","",50,30,"Alsóhatár","utca","O",1,5,"E",2,6,"Budapest"
513913,391189,391190,"7","",50,22,"Alsóhatár","utca","",0,0,"E",34,38,"Budapest"
513914,391191,391189,"6","",50,30,"Alsóhatár","utca","",0,0,"E",28,32,"Budapest"
513915,391188,391192,"6","",50,30,"Alsóhatár","utca","O",7,11,"E",8,12,"Budapest"
513916,391193,391191,"6","",50,30,"Alsóhatár","utca","",0,0,"E",14,26,"Budapest"
513917,391192,391193,"6","",50,30,"Alsóhatár","utca","",0,0,"E",14,26,"Budapest"
513951,391225,390850,"7","",50,22,"Meredek","utca","O",1,5,"E",2,6,"Budaörs"
513952,391222,391226,"7","",50,8,"Muskátli","utca","O",3,37,"",0,0,"Budaörs"
513956,391227,391230,"7","",50,8,"Hóvirág","utca","O",3,49,"E",2,54,"Budaörs"
513959,391233,391230,"7","",50,8,"Aranyesõ","utca","O",1,13,"E",2,14,"Budaörs"
513961,391231,391235,"7","",50,8,"Orgona","utca","O",3,51,"E",2,52,"Budaörs"
513963,391236,391234,"7","",50,8,"Szirom","utca","O",1,13,"E",2,14,"Budaörs"
513965,391237,391232,"7","",50,22,"Hold","utca","O",1,15,"E",2,14,"Budaörs"
513972,391242,391240,"7","",50,22,"Hortenzia","utca","O",1,5,"E",2,8,"Budaörs"
513977,390851,391244,"7","",50,8,"Bimbó","utca","O",1,51,"E",4,52,"Budaörs"
513980,391250,390852,"7","",50,22,"Csíki","utca","E",22,24,"O",41,45,"Budaörs"
513982,391249,391246,"7","",50,8,"Pitypang","utca","E",12,18,"O",9,23,"Budaörs"
513983,391250,391245,"7","",50,22,"Orchidea","utca","E",2,10,"O",1,7,"Budaörs"
513985,391252,391246,"7","",50,8,"Rézvirág","utca","O",1,1,"E",2,2,"Budaörs"
513986,391253,391248,"7","",50,22,"Fügefa","utca","O",69,89,"E",84,130,"Budaörs"
513987,391254,391251,"7","",50,8,"Rezeda","utca","E",68,80,"",0,0,"Budaörs"
513989,390854,391254,"7","",50,22,"Levendula","utca","O",1,31,"E",2,32,"Budaörs"
513990,391256,391252,"7","",50,22,"Bazsarózsa","utca","O",31,39,"",0,0,"Budaörs"
513991,391257,391254,"7","",50,8,"Rezeda","utca","E",52,66,"",0,0,"Budaörs"
513993,390856,391250,"7","",50,22,"Csíki","utca","E",2,20,"O",1,39,"Budaörs"
513994,390855,391257,"7","",50,8,"Margaréta","utca","E",2,22,"O",3,19,"Budaörs"
513995,391253,391258,"7","",50,22,"Séta","utca","O",7,9,"E",6,6,"Budaörs"
513996,391260,391253,"7","",50,22,"Séta","utca","O",1,5,"E",2,4,"Budaörs"
513997,391261,391257,"7","",50,22,"Rezeda","utca","E",32,50,"",0,0,"Budaörs"
514004,390856,391261,"6","",50,30,"Törökugrató","utca","O",1,13,"E",2,16,"Budaörs"
514005,391268,391263,"7","",50,22,"Som","utca","O",47,47,"",0,0,"Budaörs"
514008,391261,391266,"6","",50,30,"Törökugrató","utca","O",15,45,"E",18,34,"Budaörs"
514011,391274,391268,"7","",50,22,"Som","utca","O",25,45,"",0,0,"Budaörs"
514012,391266,391275,"7","",50,22,"Törökugrató","utca","O",47,57,"E",36,48,"Budaörs"
514013,391276,391261,"6","",50,30,"Rezeda","utca","E",2,30,"",0,0,"Budaörs"
514014,391271,391259,"7","",50,22,"Bazsarózsa","utca","O",1,15,"",0,0,"Budaörs"
514017,391280,391253,"7","",50,22,"Fügefa","utca","O",1,67,"E",4,82,"Budaörs"
514018,391279,391281,"7","",50,22,"Sás","utca","E",10,12,"E",16,14,"Budaörs"
514020,391274,391279,"7","",50,22,"Sás","utca","E",2,8,"",0,0,"Budaörs"
514021,390858,391276,"7","",50,22,"Kökörcsin","utca","O",1,11,"",0,0,"Budaörs"
514024,391280,391274,"7","",50,22,"Som","utca","O",9,23,"",0,0,"Budaörs"
514025,391282,391286,"7","",50,22,"Zöldvirág","utca","O",3,9,"",0,0,"Budaörs"
514028,391276,391283,"7","",50,22,"Kökörcsin","utca","O",13,85,"",0,0,"Budaörs"
514029,391288,391289,"7","",50,22,"Fehérvirág","utca","O",1,5,"",0,0,"Budaörs"
514031,391285,391280,"7","",50,22,"Fügefa","utca","",0,0,"E",2,2,"Budaörs"
514032,391291,391280,"7","",50,22,"Som","utca","O",1,7,"",0,0,"Budaörs"
514033,391292,391271,"7","",50,22,"Bazsarózsa","utca","",0,0,"E",4,6,"Budaörs"
514034,391294,391293,"7","",50,22,"Pirosvirág","utca","",0,0,"O",1,3,"Budaörs"
514036,391283,391275,"6","",50,30,"Kökörcsin","utca","O",87,105,"",0,0,"Budaörs"
514037,391291,391295,"7","",50,22,"Szüret","utca","O",3,3,"",0,0,"Budaörs"
514038,391296,391291,"7","",50,22,"Szüret","utca","O",1,1,"",0,0,"Budaörs"
514041,391295,391297,"7","",50,22,"Szüret","utca","O",5,7,"",0,0,"Budaörs"
514042,391275,391292,"6","",50,30,"Kökörcsin","utca","O",107,137,"",0,0,"Budaörs"
514047,391301,391302,"7","",50,22,"Ibolya","köz","E",102,88,"E",74,86,"Budaörs"
514048,390859,391303,"7","",50,22,"Ibolya","utca","O",1,11,"E",2,12,"Budaörs"
514051,391303,391305,"7","",50,22,"Ibolya","utca","O",13,53,"E",14,68,"Budaörs"
514052,391295,391306,"7","",50,22,"Panoráma","utca","E",10,30,"O",1,25,"Budaörs"
514060,391305,391302,"7","",50,22,"Ibolya","utca","O",55,57,"E",70,72,"Budaörs"
514061,391302,391313,"7","",50,22,"Ibolya","utca","O",59,61,"E",104,108,"Budaörs"
514062,391313,391314,"7","",50,22,"Ibolya","utca","O",63,65,"E",110,114,"Budaörs"
514064,391314,391316,"7","",50,22,"Ibolya","utca","O",67,69,"E",116,124,"Budaörs"
514067,391316,391315,"7","",50,22,"Ibolya","utca","O",71,77,"E",126,138,"Budaörs"
514069,391319,391316,"7","",50,22,"Pipacs","utca","",0,0,"E",16,16,"Budaörs"
514070,391305,391320,"7","",50,22,"Tearózsa","utca","",0,0,"O",1,49,"Budaörs"
514071,391321,391315,"6","",50,30,"Baross","utca","",0,0,"E",418,418,"Budaörs"
514072,391322,391306,"7","",50,22,"Lejtõ","utca","E",2,2,"O",1,1,"Budaörs"
514074,391320,391312,"7","",50,22,"Õszirózsa","utca","",0,0,"E",34,60,"Budaörs"
514076,391324,391319,"7","",50,22,"Pipacs","utca","",0,0,"E",14,14,"Budaörs"
514077,391325,391313,"7","",50,8,"Nárcisz","utca","E",2,26,"O",1,33,"Budaörs"
514086,391332,391324,"7","",50,8,"Pipacs","utca","",0,0,"E",8,12,"Budaörs"
514089,391335,391318,"7","",50,8,"Lóvölgy","utca","O",1,5,"E",6,6,"Budaörs"
514090,391325,391320,"7","",50,22,"Õszirózsa","utca","",0,0,"E",20,32,"Budaörs"
514092,391337,391314,"7","",50,8,"Zöldfa","utca","O",7,33,"E",8,42,"Budaörs"
514097,391306,391341,"7","",50,22,"Panoráma","utca","E",34,34,"O",27,27,"Budaörs"
514099,391337,391325,"7","",50,22,"Õszirózsa","utca","",0,0,"E",14,18,"Budaörs"
514100,391342,391343,"7","",50,22,"Kamilla","köz","O",1,7,"E",2,6,"Budaörs"
514109,391349,391332,"7","",50,22,"Pipacs","utca","",0,0,"E",2,6,"Budaörs"
514111,391351,391337,"7","",50,22,"Õszirózsa","utca","",0,0,"E",2,12,"Budaörs"
514114,391354,391342,"6","",50,30,"Baross","utca","",0,0,"O",181,181,"Budaörs"
514117,391356,391345,"7","",50,22,"Puskás Tivadar","utca","",0,0,"E",12,12,"Budaörs"
514129,391361,391335,"7","",50,8,"Lóvölgy","utca","",0,0,"E",2,4,"Budaörs"
514130,391364,391352,"7","",50,22,"Holdfény","utca","",0,0,"E",14,14,"Budaörs"
514137,391370,391356,"7","",50,22,"Puskás Tivadar","utca","O",11,11,"E",8,10,"Budaörs"
514153,391383,391370,"7","",50,22,"Puskás Tivadar","utca","O",9,9,"E",4,6,"Budaörs"
514155,391385,391354,"6","",50,30,"Baross","utca","O",121,179,"",0,0,"Budaörs"
514171,391385,391383,"7","",50,22,"Puskás Tivadar","utca","O",1,7,"E",2,2,"Budaörs"
514179,391401,391402,"7","",50,22,"Napsugár","sétány","",0,0,"E",2,4,"Budaörs"
514184,391407,391385,"6","",50,30,"Baross","utca","O",111,119,"",0,0,"Budaörs"
514192,391407,391414,"7","",50,22,"Kardvirág","utca","O",1,11,"",0,0,"Budaörs"
514200,391413,391417,"7","",50,22,"Nádasdûlõ","sétány","",0,0,"E",6,8,"Budaörs"
514207,391423,391407,"6","",50,30,"Baross","utca","O",101,109,"",0,0,"Budaörs"
514212,391428,391028,"7","FT",50,22,"Patkó","utca","O",19,21,"",0,0,"Budaörs"
514218,391421,391431,"7","FT",50,22,"Patkó","utca","O",1,1,"",0,0,"Budaörs"
514221,391436,391400,"7","",50,22,"Domb","utca","",0,0,"E",6,6,"Budaörs"
514226,391438,391439,"7","",50,22,"Patkó","utca","",0,0,"O",3,3,"Budaörs"
514228,391440,391423,"6","",50,30,"Baross","utca","O",95,99,"",0,0,"Budaörs"
514230,391438,391442,"7","FT",50,22,"Patkó","utca","O",3,3,"",0,0,"Budaörs"
514232,391443,391428,"7","FT",50,22,"Patkó","utca","O",13,17,"",0,0,"Budaörs"
514233,391036,391432,"7","FT",50,22,"Szivárvány","utca","O",5,5,"",0,0,"Budaörs"
514237,391442,391445,"7","",50,22,"Patkó","utca","",0,0,"O",5,5,"Budaörs"
514239,391442,391446,"7","FT",50,22,"Patkó","utca","O",5,5,"",0,0,"Budaörs"
514241,391038,391440,"6","",50,30,"Baross","utca","O",91,93,"",0,0,"Budaörs"
514242,391446,391443,"7","FT",50,22,"Patkó","utca","O",7,9,"",0,0,"Budaörs"
514245,391448,391449,"7","",50,22,"Patkó","utca","",0,0,"O",7,7,"Budaörs"
514250,391451,391443,"7","FT",50,22,"Patkó","utca","O",11,11,"",0,0,"Budaörs"
514252,391455,391441,"7","",50,22,"Víg","utca","",0,0,"E",42,68,"Budaörs"
514253,391456,391436,"7","",50,22,"Domb","utca","",0,0,"E",2,4,"Budaörs"
514255,391036,391457,"7","",50,22,"Iskola","tér","O",1,1,"",0,0,"Budaörs"
514259,391461,391457,"7","FT",50,22,"Ifjúság","utca","",0,0,"E",26,40,"Budaörs"
514265,391466,391461,"7","",50,22,"Ifjúság","utca","O",7,11,"E",10,24,"Budaörs"
514270,392538,391042,"7","TF",50,22,"Lévai","utca","O",35,37,"E",34,36,"Budaörs"
514277,391473,391418,"7","TF",50,22,"Sport","utca","",0,0,"E",2,4,"Budaörs"
514298,391041,391466,"7","",50,22,"Ifjúság","utca","O",1,5,"E",2,8,"Budaörs"
514301,391489,391455,"7","",50,22,"Víg","utca","",0,0,"E",24,40,"Budaörs"
514302,391490,391478,"7","",50,22,"Mátra","utca","",0,0,"E",32,46,"Budaörs"
514303,391491,391477,"7","",50,22,"Uzsoki","utca","O",41,55,"E",32,46,"Budaörs"
514316,391500,391043,"7","",50,22,"Lévai","utca","O",1,35,"E",2,34,"Budaörs"
514318,391503,391489,"7","",50,22,"Víg","utca","",0,0,"E",8,22,"Budaörs"
514319,391504,391490,"7","",50,22,"Mátra","utca","O",5,5,"E",12,30,"Budaörs"
514320,391505,391491,"7","",50,22,"Uzsoki","utca","O",21,39,"E",12,30,"Budaörs"
514321,391506,391475,"7","",50,22,"Hegyalja","utca","",0,0,"E",12,60,"Budaörs"
514332,391513,391046,"7","",50,22,"Baross","köz","O",1,7,"E",2,8,"Budaörs"
514333,390871,391500,"7","TF",50,22,"Komáromi","utca","O",1,15,"E",2,14,"Budaörs"
514336,391516,391504,"7","",50,22,"Mátra","utca","O",3,3,"E",10,10,"Budaörs"
514338,391517,391505,"7","",50,22,"Uzsoki","utca","O",9,19,"E",8,10,"Budaörs"
514339,391514,391506,"7","",50,22,"Hegyalja","utca","O",7,7,"E",8,10,"Budaörs"
514341,391519,391512,"7","",50,22,"Lomnici","köz","",0,0,"O",1,1,"Budaörs"
514343,391521,391503,"7","",50,22,"Víg","utca","O",3,3,"E",4,6,"Budaörs"
514345,391500,391513,"7","",50,22,"Komáromi","utca","O",17,47,"E",16,18,"Budaörs"
514349,391524,390872,"7","",50,22,"Lomnici","köz","",0,0,"E",2,10,"Budaörs"
514351,391526,391521,"7","",50,22,"Víg","utca","O",1,1,"E",2,2,"Budaörs"
514354,391513,391067,"7","",50,22,"Komáromi","utca","O",49,49,"",0,0,"Budaörs"
514359,391531,391530,"7","",50,22,"Sport","utca","O",3,3,"",0,0,"Budaörs"
514360,391532,391526,"7","",50,22,"Csap","utca","O",7,7,"E",20,20,"Budaörs"
514364,391534,391516,"7","",50,22,"Mátra","utca","O",1,1,"E",2,8,"Budaörs"
514368,391538,391514,"7","",50,22,"Hegyalja","utca","O",5,5,"E",6,6,"Budaörs"
514370,390873,391071,"7","",50,22,"Széles","utca","O",1,27,"E",2,54,"Budaörs"
514371,391067,391539,"7","",50,22,"Komáromi","utca","O",51,73,"E",20,22,"Budaörs"
514372,391540,391517,"7","",50,22,"Uzsoki","utca","O",1,7,"E",2,6,"Budaörs"
514378,391527,391532,"7","",50,22,"Csap","utca","O",5,5,"E",18,18,"Budaörs"
514379,390874,391542,"7","",50,22,"Kötõ","utca","",0,0,"E",2,2,"Budaörs"
514383,391548,391535,"7","",50,22,"Hurok","utca","",0,0,"E",16,26,"Budaörs"
514387,391542,391546,"7","",50,22,"Kötõ","utca","",0,0,"E",4,4,"Budaörs"
514390,391548,391550,"7","",50,22,"Hurok","utca","E",14,12,"E",8,10,"Budaörs"
514394,391553,391548,"7","",50,22,"Hurok","utca","",0,0,"E",6,6,"Budaörs"
514396,391556,391527,"7","",50,22,"Csap","utca","O",1,3,"E",2,16,"Budaörs"
514398,391558,392524,"7","",50,22,"Budakeszi","utca","",0,0,"E",2,34,"Budaörs"
514400,390875,391075,"7","",50,22,"József Attila","utca","O",1,35,"E",2,38,"Budaörs"
514401,391555,391553,"7","",50,22,"Hurok","utca","",0,0,"E",2,4,"Budaörs"
514403,392523,391538,"7","",50,22,"Hegyalja","utca","O",1,3,"E",2,4,"Budaörs"
514405,391073,391560,"7","",50,22,"Széles","utca","O",29,37,"E",56,78,"Budaörs"
514416,391570,391569,"7","",50,22,"Fátyol","utca","E",20,30,"",0,0,"Budaörs"
514417,390876,391559,"7","",50,22,"Kálvária","utca","O",1,25,"E",2,26,"Budaörs"
514419,391572,391566,"7","",50,22,"Kisfaludy","utca","O",39,39,"",0,0,"Budaörs"
514420,391560,391573,"7","",50,22,"Széles","utca","O",39,51,"",0,0,"Budaörs"
514422,391575,391572,"6","",50,30,"Kisfaludy","utca","O",37,37,"",0,0,"Budaörs"
514425,391571,391575,"6","",50,30,"Kisfaludy","utca","O",35,35,"E",36,36,"Budaörs"
514427,390876,391078,"7","",50,22,"Árpád","utca","O",1,25,"E",2,30,"Budaörs"
514430,391573,391579,"7","",50,22,"Széles","utca","O",53,77,"",0,0,"Budaörs"
514434,391582,391571,"6","",50,30,"Kisfaludy","utca","O",13,33,"E",14,34,"Budaörs"
514435,391567,391583,"7","",50,22,"Mátravölgyi","utca","",0,0,"E",2,10,"Budaörs"
514436,391577,391584,"7","",50,22,"Budakeszi","utca","O",1,15,"",0,0,"Budaörs"
514443,390877,391582,"6","",50,30,"Kisfaludy","utca","O",1,11,"E",2,12,"Budaörs"
514445,391584,392525,"7","",50,22,"Budakeszi","utca","O",1,3,"E",2,2,"Budaörs"
514451,391594,391572,"6","",50,30,"Kõláb","utca","",0,0,"O",3,13,"Budaörs"
514452,391584,391595,"7","",50,22,"Budakeszi","utca","O",5,5,"",0,0,"Budaörs"
514455,391580,391596,"7","",50,22,"Kajszi","utca","E",2,18,"",0,0,"Budaörs"
514456,390877,391080,"7","",50,22,"Petõfi Sándor","utca","O",1,31,"E",2,32,"Budaörs"
514457,391595,391588,"7","",50,22,"Budakeszi","utca","",0,0,"E",4,4,"Budaörs"
514459,391598,391583,"7","",50,22,"Mátravölgyi","utca","",0,0,"E",12,12,"Budaörs"
514461,391599,391570,"7","",50,22,"Fátyol","utca","E",12,18,"",0,0,"Budaörs"
514463,391600,391592,"7","",50,22,"Szép","utca","O",17,55,"E",36,68,"Budaörs"
514464,391589,391601,"7","",50,22,"Munkácsy Mihály","utca","O",31,33,"E",34,36,"Budaörs"
514465,391602,391545,"7","",50,22,"Méhecske","utca","",0,0,"E",8,8,"Budaörs"
514468,391603,391599,"7","",50,22,"Fátyol","utca","E",2,10,"",0,0,"Budaörs"
514471,391589,391608,"7","",50,22,"Eper","utca","E",2,4,"O",1,3,"Budaörs"
514473,391610,391585,"7","",50,22,"Zengõ","utca","",0,0,"E",30,38,"Budaörs"
514474,391601,391611,"7","",50,22,"Moha","utca","O",1,3,"E",2,4,"Budaörs"
514476,391613,391575,"7","",50,22,"Kõfejtõ","utca","O",1,1,"E",24,48,"Budaörs"
514478,391615,391594,"7","",50,22,"Kõszikla","utca","",0,0,"E",20,20,"Budaörs"
514480,391598,391616,"7","",50,22,"Mátravölgyi","utca","",0,0,"E",14,18,"Budaörs"
514484,391619,391594,"6","",50,30,"Kõláb","utca","",0,0,"O",1,1,"Budaörs"
514486,392622,391587,"7","",50,22,"Kõhíd","utca","",0,0,"E",32,60,"Budaörs"
514487,391608,391611,"7","",50,22,"Petõfi Sándor","utca","O",55,59,"E",56,58,"Budaörs"
514491,391609,391623,"7","",50,22,"Zúzmara","utca","O",1,1,"",0,0,"Budaörs"
514493,391613,391629,"6","FT",50,30,"","","",0,0,"",0,0,"Budaörs"
514495,391626,391593,"6","",50,30,"Kossuth Lajos","utca","O",45,65,"E",46,68,"Budaörs"
514500,391611,392612,"7","",50,22,"Petõfi Sándor","utca","O",61,71,"E",60,64,"Budaörs"
514503,391631,391627,"7","",50,22,"Kõfejtõ","utca","",0,0,"E",22,22,"Budaörs"
514506,391635,391634,"7","",50,22,"Pozsonyi","utca","O",5,17,"E",6,28,"Budaörs"
514507,391636,392622,"6","",50,30,"Kõhíd","utca","",0,0,"E",20,30,"Budaörs"
514508,391623,391610,"7","",50,22,"Zúzmara","utca","O",3,35,"",0,0,"Budaörs"
514511,391638,391590,"7","",50,22,"Bor","utca","",0,0,"E",42,80,"Budaörs"
514513,391639,391610,"7","",50,22,"Zengõ","utca","",0,0,"E",2,28,"Budaörs"
514514,391640,391615,"7","",50,22,"Kõszikla","utca","",0,0,"E",6,18,"Budaörs"
514518,391636,391638,"6","",50,30,"Kárpát","utca","",0,0,"",0,0,"Budaörs"
514522,391082,391090,"7","",50,22,"Rákóczi Ferenc","utca","O",1,35,"E",2,40,"Budaörs"
514525,391616,391647,"7","",50,22,"Víztorony","utca","",0,0,"O",1,17,"Budaörs"
514534,391095,391635,"7","",50,22,"Pozsonyi","utca","O",1,3,"E",2,4,"Budaörs"
514536,391655,391636,"7","",50,22,"Présház","utca","",0,0,"E",6,26,"Budaörs"
514537,391656,391638,"7","",50,22,"Bor","utca","O",1,3,"E",14,40,"Budaörs"
514539,391659,391600,"7","",50,22,"Szép","utca","O",7,15,"E",6,34,"Budaörs"
514540,391088,391099,"7","",50,22,"Ady Endre","utca","O",1,59,"E",2,40,"Budaörs"
514542,391662,391640,"7","",50,22,"Kõszikla","utca","",0,0,"E",2,4,"Budaörs"
514546,391666,391626,"6","",50,30,"Kossuth Lajos","utca","O",15,43,"E",12,44,"Budaörs"
514559,391678,391095,"7","",50,22,"Vasvári Pál","utca","O",21,25,"E",24,28,"Budaörs"
514564,392581,391656,"7","",50,22,"Bor","utca","",0,0,"E",10,12,"Budaörs"
514567,391683,391655,"7","",50,22,"Présház","utca","",0,0,"E",18,22,"Budaörs"
514569,391685,391093,"7","",50,22,"Baross","utca","O",21,25,"E",24,26,"Budaörs"
514574,391689,391659,"7","",50,22,"Szép","utca","O",1,5,"E",2,4,"Budaörs"
514577,391691,391670,"6","",50,30,"Kõkapu","utca","",0,0,"O",1,5,"Budaörs"
514583,391689,391680,"7","",50,22,"Kereszt","utca","O",7,7,"",0,0,"Budaörs"
514589,391692,391689,"7","",50,22,"Kereszt","utca","O",5,5,"",0,0,"Budaörs"
514593,391701,391666,"6","",50,30,"Kossuth Lajos","utca","O",3,13,"E",2,10,"Budaörs"
514595,391696,391692,"7","",50,22,"Kereszt","utca","O",3,3,"",0,0,"Budaörs"
514599,391706,391664,"7","",50,22,"Sas","utca","",0,0,"O",1,1,"Budaörs"
514602,391701,391696,"7","",50,22,"Kereszt","utca","O",1,1,"",0,0,"Budaörs"
514603,391685,391710,"7","",50,22,"Deák Ferenc","utca","O",1,9,"E",2,10,"Budaörs"
514604,391719,392580,"6","",50,30,"Bor","utca","",0,0,"E",2,8,"Budaörs"
514615,391717,392588,"6","",50,30,"Nefelejcs","utca","",0,0,"E",16,20,"Budaörs"
514619,391716,391714,"7","",50,22,"Naphegy","utca","O",43,43,"E",42,42,"Budaörs"
514620,391720,391678,"7","",50,22,"Vasvári Pál","utca","O",1,19,"E",2,22,"Budaörs"
514621,391710,391721,"7","",50,22,"Deák Ferenc","utca","O",11,27,"E",12,28,"Budaörs"
514622,391722,391719,"6","",50,30,"Nefelejcs","utca","O",7,7,"E",12,14,"Budaörs"
514623,391723,391701,"6","",50,30,"Kossuth Lajos","utca","O",1,1,"",0,0,"Budaörs"
514625,391725,391722,"6","",50,30,"Nefelejcs","utca","O",5,5,"E",10,10,"Budaörs"
514626,391726,391685,"7","",50,22,"Baross","utca","O",1,19,"E",2,22,"Budaörs"
514627,391727,391725,"6","",50,30,"Nefelejcs","utca","O",3,3,"E",8,8,"Budaörs"
514628,391699,391728,"7","",50,22,"Fûzfa","utca","O",1,5,"",0,0,"Budaörs"
514630,391731,391727,"6","",50,30,"Nefelejcs","utca","O",1,1,"E",2,6,"Budaörs"
514631,392588,391732,"7","",50,22,"Zichy Péter","utca","O",1,13,"",0,0,"Budaörs"
514632,391733,391100,"7","",50,22,"Csata","utca","O",5,11,"E",6,12,"Budaörs"
514634,391724,391730,"7","",50,22,"Szarvas","utca","E",2,2,"",0,0,"Budaörs"
514638,390883,391723,"6","",50,30,"Nefelejcs","utca","E",2,2,"O",1,1,"Budaörs"
514640,391721,391733,"7","",50,22,"Deák Ferenc","utca","O",29,41,"E",30,60,"Budaörs"
514641,391719,391738,"7","",50,22,"Száva","köz","O",1,3,"E",2,2,"Budaörs"
514642,391739,391103,"7","FT",50,22,"Forrás","utca","",0,0,"E",4,6,"Budaörs"
514645,391743,391710,"7","",50,22,"Dózsa György","utca","O",3,19,"E",10,32,"Budaörs"
514646,391744,391722,"7","FT",50,22,"Dráva","köz","",0,0,"E",2,2,"Budaörs"
514651,391727,391749,"6","",50,30,"Rába","köz","O",1,7,"",0,0,"Budaörs"
514653,390883,391720,"7","",50,22,"Stefánia","utca","O",1,7,"E",2,4,"Budaörs"
514655,391752,391716,"6","",50,30,"Naphegy","utca","O",1,41,"E",2,40,"Budaörs"
514656,391720,391754,"7","",50,22,"Stefánia","utca","O",9,13,"",0,0,"Budaörs"
514657,391733,391739,"8","",50,15,"Árok","utca","O",1,3,"E",4,6,"Budaörs"
514658,391754,391726,"7","",50,22,"Stefánia","utca","O",15,19,"",0,0,"Budaörs"
514664,391757,391733,"7","",50,22,"Csata","utca","O",1,3,"E",2,4,"Budaörs"
514671,391761,391739,"7","FT",50,22,"Forrás","utca","",0,0,"E",2,2,"Budaörs"
514672,391113,391762,"5.1","",50,40,"Kinizsi","utca","",0,0,"O",1,3,"Budaörs"
514679,391771,391770,"7","",50,22,"Alma","utca","O",1,29,"E",2,30,"Budaörs"
514681,391774,391757,"7","",50,22,"Törökbálinti","utca","O",15,17,"E",28,32,"Budaörs"
514682,391757,391761,"7","FT",50,22,"Törökbálinti","utca","O",19,23,"E",34,42,"Budaörs"
514684,391724,391776,"7","",50,22,"Rigó","utca","O",1,13,"",0,0,"Budaörs"
514685,391745,391775,"7","",50,22,"Törökbálinti","utca","O",5,13,"E",18,26,"Budaörs"
514686,391743,391769,"7","",50,22,"Arany János","utca","",0,0,"E",2,10,"Budaörs"
514688,391769,391804,"7","",50,22,"Arany János","utca","O",1,11,"E",12,14,"Budaörs"
514689,391743,391778,"7","",50,22,"Stefánia","utca","O",21,23,"",0,0,"Budaörs"
514690,391778,391745,"7","",50,22,"Törökbálinti","utca","O",1,3,"E",2,16,"Budaörs"
514693,391783,391743,"7","",50,22,"Dózsa György","utca","O",1,1,"E",2,8,"Budaörs"
514694,391772,391751,"7","",50,22,"Varjú","utca","E",20,20,"O",27,27,"Budaörs"
514695,391778,391784,"7","",50,22,"Stefánia","utca","O",25,25,"",0,0,"Budaörs"
514697,391786,391760,"7","",50,22,"Sikló","utca","",0,0,"E",8,10,"Budaörs"
514702,391744,391789,"7","",50,22,"Diófa","utca","O",1,19,"E",2,18,"Budaörs"
514704,391794,391772,"7","",50,22,"Varjú","utca","E",16,18,"O",23,25,"Budaörs"
514705,391784,391795,"7","",50,22,"Hársfa","utca","O",1,5,"",0,0,"Budaörs"
514707,392569,391796,"7","",50,22,"Mester","utca","E",2,18,"",0,0,"Budaörs"
514713,391802,391801,"7","",50,22,"Akácfa","köz","E",2,12,"O",1,13,"Budaörs"
514715,391793,391786,"7","",50,22,"Sikló","utca","",0,0,"E",4,6,"Budaörs"
514717,392576,391805,"7","",50,22,"Klementis László","utca","O",1,5,"E",2,6,"Budaörs"
514718,391783,391806,"7","",50,22,"Mezõ","utca","",0,0,"E",2,2,"Budaörs"
514719,391798,391804,"7","",50,22,"Klementis László","utca","O",7,9,"E",10,10,"Budaörs"
514720,391805,391807,"7","",50,22,"Klementis László","utca","",0,0,"E",8,8,"Budaörs"
514723,391808,391751,"7","",50,22,"Kolozsvári","utca","E",48,64,"",0,0,"Budaörs"
514724,391790,391780,"7","",50,22,"Halom","utca","O",17,23,"E",10,12,"Budaörs"
514726,391811,391794,"7","",50,22,"Varjú","utca","",0,0,"O",21,21,"Budaörs"
514727,391780,391812,"7","",50,22,"Gesztenye","utca","O",11,13,"",0,0,"Budaörs"
514733,391811,391793,"7","",50,22,"Sikló","utca","",0,0,"E",2,2,"Budaörs"
514736,391789,391790,"7","FT",50,22,"Halom","utca","O",7,15,"E",8,8,"Budaörs"
514740,391822,391790,"7","",50,22,"Kökény","utca","",0,0,"E",4,4,"Budaörs"
514741,391776,391823,"7","",50,22,"Merengõ","utca","O",15,15,"",0,0,"Budaörs"
514743,391806,391826,"7","",50,22,"Mezõ","utca","O",1,3,"E",4,6,"Budaörs"
514744,391827,391811,"7","",50,22,"Varjú","utca","E",12,14,"O",15,19,"Budaörs"
514745,391796,391789,"7","FT",50,22,"Halom","utca","O",3,5,"E",4,6,"Budaörs"
514747,391805,391828,"7","",50,22,"Tavasz","utca","O",1,19,"",0,0,"Budaörs"
514750,391782,391796,"7","FT",50,22,"Halom","utca","O",1,1,"E",2,2,"Budaörs"
514751,391813,391830,"7","",50,22,"Avar","utca","O",1,17,"",0,0,"Budaörs"
514752,391816,391831,"7","",50,22,"Tavasz","utca","",0,0,"E",6,8,"Budaörs"
514753,391795,391832,"7","",50,22,"Hársfa","utca","O",7,17,"",0,0,"Budaörs"
514757,391835,391818,"7","",50,22,"Liliom","utca","O",15,27,"E",14,26,"Budaörs"
514758,391835,391822,"7","",50,22,"Kökény","utca","",0,0,"E",2,2,"Budaörs"
514760,391837,391811,"7","",50,22,"Gyík","utca","",0,0,"O",1,5,"Budaörs"
514762,391838,391822,"7","TF",50,22,"Szõlõ","utca","O",1,11,"E",2,6,"Budaörs"
514765,391782,391838,"7","TF",50,22,"Farkasréti","utca","",0,0,"E",32,34,"Budaörs"
514773,391794,391844,"7","",50,22,"Harkály","utca","E",2,24,"O",1,39,"Budaörs"
514774,391815,391845,"7","",50,22,"Nyár","utca","O",5,13,"E",8,16,"Budaörs"
514775,391831,391828,"7","",50,22,"Tavasz","utca","",0,0,"E",10,10,"Budaörs"
514777,391831,391845,"7","FT",50,22,"Budafoki","utca","O",1,9,"E",2,10,"Budaörs"
514783,391848,391827,"7","",50,22,"Varjú","utca","E",8,10,"O",9,13,"Budaörs"
514786,391156,391835,"7","",50,22,"Liliom","utca","O",1,13,"E",2,12,"Budaörs"
514790,391852,391842,"7","FT",50,22,"Kassai","utca","",0,0,"O",69,81,"Budaörs"
514795,391835,391858,"7","",50,22,"Bányász","utca","E",2,8,"O",1,9,"Budaörs"
514800,391858,391840,"7","",50,22,"Thököly","utca","O",11,23,"E",12,24,"Budaörs"
514804,391841,391862,"5.1","",50,40,"Kinizsi","utca","",0,0,"O",5,5,"Budaörs"
514807,391826,391864,"7","",50,22,"Mezõ","utca","O",5,27,"E",8,28,"Budaörs"
514812,391869,391844,"7","",50,22,"Sikló","utca","O",1,1,"",0,0,"Budaörs"
514813,391830,391871,"7","",50,22,"Avar","utca","O",19,37,"",0,0,"Budaörs"
514815,391845,391864,"7","FT",50,22,"Budafoki","utca","O",11,27,"E",12,28,"Budaörs"
514817,391874,391869,"7","",50,22,"Beregszászi","utca","",0,0,"O",39,87,"Budaörs"
514818,391160,391858,"7","",50,22,"Thököly","utca","O",1,9,"E",2,10,"Budaörs"
514819,391858,391875,"7","",50,22,"Bányász","utca","E",10,18,"O",11,19,"Budaörs"
514820,391876,391808,"7","",50,22,"Kolozsvári","utca","E",42,46,"",0,0,"Budaörs"
514823,391876,391852,"7","",50,22,"Kassai","utca","E",70,70,"O",61,67,"Budaörs"
514826,391861,391879,"7","",50,22,"Rózsa","utca","O",1,17,"E",2,10,"Budaörs"
514827,390889,391861,"7","",50,22,"Tátra","utca","O",1,5,"E",2,10,"Budaörs"
514828,391875,391880,"7","",50,22,"Réz","utca","O",11,11,"E",12,18,"Budaörs"
514829,391866,391881,"7","",50,22,"Küküllõ","utca","E",2,8,"O",1,9,"Budaörs"
514835,391879,391159,"7","",50,22,"Mátyás király","utca","O",11,15,"E",12,12,"Budaörs"
514840,390889,391870,"7","TF",50,22,"Aradi","utca","O",1,5,"E",2,6,"Budaörs"
514841,391891,391869,"7","",50,22,"Kismartoni","utca","E",82,90,"O",83,99,"Budaörs"
514844,391892,391848,"7","",50,22,"Varjú","utca","E",2,6,"O",1,7,"Budaörs"
514845,391875,391893,"7","",50,22,"Bányász","utca","E",20,24,"O",21,27,"Budaörs"
514846,391881,391886,"7","",50,22,"Zombori","utca","",0,0,"E",88,88,"Budaörs"
514847,391894,391893,"7","",50,22,"Acél","utca","E",2,4,"O",1,3,"Budaörs"
514852,392530,391899,"7","",50,22,"Jókai Mór","utca","O",13,13,"E",12,12,"Budaörs"
514853,392619,391900,"7","",50,8,"Temesvári","utca","O",1,17,"",0,0,"Budaörs"
514854,391162,391875,"7","",50,22,"Réz","utca","O",1,9,"E",2,10,"Budaörs"
514856,391864,391888,"7","",50,22,"Budafoki","utca","O",29,33,"E",30,34,"Budaörs"
514857,391902,392530,"7","",50,22,"Jókai Mór","utca","O",1,11,"E",2,10,"Budaörs"
514859,391904,391879,"7","",50,22,"Mátyás király","utca","O",3,9,"E",2,10,"Budaörs"
514860,391906,391905,"7","",50,22,"Malomkõ","utca","O",3,3,"",0,0,"Budaörs"
514862,391907,391876,"7","",50,22,"Kassai","utca","E",52,68,"O",49,59,"Budaörs"
514863,391892,391874,"7","",50,22,"Beregszászi","utca","",0,0,"O",35,37,"Budaörs"
514864,391870,391908,"7","",50,22,"Aradi","utca","O",7,11,"E",8,12,"Budaörs"
514867,391908,391910,"7","",50,22,"Fodros","utca","O",1,23,"E",2,38,"Budaörs"
514868,390890,391904,"7","",50,22,"Mátyás király","utca","O",1,1,"",0,0,"Budaörs"
514869,391911,391891,"7","",50,22,"Kismartoni","utca","E",80,80,"O",81,81,"Budaörs"
514870,391893,391902,"7","",50,22,"Bányász","utca","E",26,30,"O",29,33,"Budaörs"
514872,391913,391881,"7","",50,22,"Zombori","utca","E",80,86,"",0,0,"Budaörs"
514875,391879,391915,"7","",50,22,"Rózsa","utca","O",19,19,"E",12,14,"Budaörs"
514876,391914,391916,"7","",50,22,"Malomkõ","utca","E",2,2,"",0,0,"Budaörs"
514880,391922,391921,"7","",50,22,"Széchenyi István","utca","O",37,37,"",0,0,"Budaörs"
514886,391913,391911,"7","",50,22,"Holló","utca","E",2,6,"O",1,5,"Budaörs"
514887,391888,391926,"7","",50,22,"Budafoki","utca","O",35,37,"E",36,40,"Budaörs"
514890,391915,391163,"7","",50,22,"Szerelõ","utca","O",13,15,"E",14,16,"Budaörs"
514892,391922,391929,"7","",50,22,"Széchenyi István","utca","",0,0,"E",28,32,"Budaörs"
514894,391908,391930,"7","",50,22,"Aradi","utca","O",13,17,"E",14,18,"Budaörs"
514895,391870,391931,"7","",50,22,"Tavasz","utca","O",47,55,"E",38,56,"Budaörs"
514896,391164,391902,"7","",50,22,"Láng","utca","O",1,11,"E",2,12,"Budaörs"
514897,391902,391932,"7","",50,22,"Bányász","utca","E",32,44,"O",35,47,"Budaörs"
514899,391932,391922,"7","",50,22,"Széchenyi István","utca","O",13,35,"E",14,26,"Budaörs"
514900,391934,391913,"7","",50,22,"Zombori","utca","E",78,78,"",0,0,"Budaörs"
514902,391904,391935,"7","",50,22,"Erdélyi","utca","O",1,3,"E",2,10,"Budaörs"
514909,391935,391915,"7","",50,22,"Szerelõ","utca","O",1,11,"E",2,12,"Budaörs"
514912,391930,391943,"7","",50,22,"Aradi","utca","O",19,23,"E",20,24,"Budaörs"
514913,391945,391918,"7","",50,22,"Cserebogár","utca","O",21,21,"",0,0,"Budaörs"
514915,391910,391946,"7","",50,22,"Fodros","utca","O",25,25,"E",40,40,"Budaörs"
514919,391915,391947,"7","",50,22,"Rózsa","utca","O",21,27,"E",16,20,"Budaörs"
514921,391949,391950,"7","",50,22,"Tél","utca","O",1,5,"E",2,6,"Budaörs"
514926,390891,391956,"7","FT",50,22,"Õszibarack","utca","O",1,3,"E",2,2,"Budaörs"
514927,390904,391876,"7","",50,22,"Kolozsvári","utca","E",2,40,"O",1,51,"Budaörs"
514928,391166,391932,"7","",50,22,"Széchenyi István","utca","O",1,11,"E",2,12,"Budaörs"
514930,391956,391931,"6","",50,30,"Õszibarack","utca","O",5,5,"E",4,4,"Budaörs"
514932,391930,391958,"7","",50,22,"Árnyas","utca","O",1,13,"E",2,12,"Budaörs"
514934,391947,391165,"7","",50,22,"Átlós","utca","O",19,21,"E",20,22,"Budaörs"
514935,391931,391950,"6","",50,30,"Õszibarack","utca","O",7,9,"E",6,6,"Budaörs"
514936,391943,391959,"7","",50,22,"Aradi","utca","O",25,29,"E",26,30,"Budaörs"
514937,391960,391906,"7","",50,22,"Malomkõ","utca","O",5,5,"",0,0,"Budaörs"
514939,391962,391911,"7","",50,22,"Kismartoni","utca","E",42,78,"O",49,79,"Budaörs"
514941,391964,391952,"7","",50,22,"Verseny","utca","O",15,27,"E",16,28,"Budaörs"
514942,391946,391965,"7","",50,22,"Fodros","utca","O",27,47,"E",42,72,"Budaörs"
514943,391950,391966,"6","",50,30,"Õszibarack","utca","O",11,13,"E",8,8,"Budaörs"
514946,391970,391934,"7","",50,22,"Zombori","utca","E",62,76,"",0,0,"Budaörs"
514947,391945,391964,"7","",50,22,"Bányász","utca","E",54,56,"O",57,59,"Budaörs"
514950,391956,391972,"6","",50,30,"Szegfû","utca","O",1,7,"E",2,12,"Budaörs"
514952,391973,391944,"7","",50,22,"Beregszászi","utca","",0,0,"O",27,27,"Budaörs"
514953,391935,391974,"7","",50,22,"Erdélyi","utca","O",5,7,"E",12,14,"Budaörs"
514954,391926,391965,"7","",50,22,"Budafoki","utca","O",39,65,"E",42,44,"Budaörs"
514956,391976,391167,"7","",50,22,"Semmelweis","utca","O",29,29,"",0,0,"Budaörs"
514957,391943,391977,"7","",50,22,"Babér","utca","O",1,11,"E",2,12,"Budaörs"
514958,391966,391958,"6","",50,30,"Õszibarack","utca","O",15,19,"E",10,12,"Budaörs"
514960,391979,391947,"7","",50,22,"Átlós","utca","O",9,17,"E",10,18,"Budaörs"
514961,391980,391962,"7","",50,22,"Kismartoni","utca","E",40,40,"O",47,47,"Budaörs"
514963,391959,391982,"6","",50,30,"Aradi","utca","O",31,35,"E",32,44,"Budaörs"
514964,391984,391983,"7","",50,22,"Mozdony","utca","",0,0,"E",42,44,"Budaörs"
514965,391985,391976,"7","",50,22,"Semmelweis","utca","O",27,27,"",0,0,"Budaörs"
514966,390892,391972,"6","",50,30,"Tulipán","utca","O",1,3,"E",2,4,"Budaörs"
514967,391986,391907,"7","",50,22,"Kassai","utca","E",4,50,"O",3,47,"Budaörs"
514968,391169,391964,"7","",50,22,"Verseny","utca","O",1,13,"E",2,14,"Budaörs"
514969,391966,391987,"7","",50,22,"Õsz","utca","O",1,15,"E",2,14,"Budaörs"
514970,391964,391988,"7","",50,22,"Bányász","utca","E",58,66,"O",61,69,"Budaörs"
514971,391970,391980,"7","",50,22,"Pillangó","utca","E",2,14,"O",1,15,"Budaörs"
514972,391989,391980,"7","",50,22,"Kismartoni","utca","E",34,38,"O",45,45,"Budaörs"
514973,391991,391990,"7","",50,22,"Búzavirág","utca","O",5,7,"E",4,6,"Budaörs"
514976,391974,391979,"7","",50,22,"Átlós","utca","O",3,7,"E",4,8,"Budaörs"
514977,391988,391984,"7","",50,22,"Kovács","utca","O",15,29,"E",16,28,"Budaörs"
514979,391958,391977,"6","",50,30,"Õszibarack","utca","O",21,23,"E",14,16,"Budaörs"
514980,391989,391991,"7","",50,22,"Búzavirág","utca","O",1,3,"E",2,2,"Budaörs"
514981,391959,391993,"6","",50,30,"Fagyöngy","utca","O",1,11,"E",2,12,"Budaörs"
514982,392561,391994,"7","",50,22,"Szarka","utca","E",2,6,"O",1,5,"Budaörs"
514983,391995,391985,"7","",50,22,"Semmelweis","utca","O",5,25,"E",6,26,"Budaörs"
514985,391972,391997,"7","",50,22,"Szegfû","utca","O",9,15,"E",14,24,"Budaörs"
514987,391998,391973,"7","",50,22,"Beregszászi","utca","",0,0,"O",3,25,"Budaörs"
514989,391982,392000,"7","",50,22,"Aradi","utca","O",37,41,"E",46,60,"Budaörs"
514990,391985,392001,"7","",50,22,"Gyöngy","utca","O",1,3,"E",2,4,"Budaörs"
514991,390893,391974,"7","",50,22,"Átlós","utca","O",1,1,"E",2,2,"Budaörs"
514992,392003,391984,"7","",50,22,"Mozdony","utca","",0,0,"E",30,40,"Budaörs"
514993,392004,391970,"7","",50,22,"Zombori","utca","E",52,60,"",0,0,"Budaörs"
514995,391987,392007,"7","",50,22,"Zápor","utca","O",1,7,"E",2,6,"Budaörs"
514998,392004,392010,"7","",50,8,"Feketesas","utca","O",1,5,"E",2,6,"Budaörs"
515000,392001,391170,"7","",50,22,"Vas","utca","O",17,17,"E",18,20,"Budaörs"
515001,391977,391993,"6","",50,30,"Õszibarack","utca","O",25,27,"E",18,20,"Budaörs"
515002,390895,391995,"7","",50,22,"Semmelweis","utca","O",1,3,"E",2,4,"Budaörs"
515003,391171,391988,"7","",50,22,"Kovács","utca","O",1,13,"E",2,14,"Budaörs"
515004,392011,391989,"7","",50,22,"Kismartoni","utca","E",22,32,"O",27,43,"Budaörs"
515005,391982,392012,"6","",50,30,"Fövény","utca","O",1,13,"E",2,12,"Budaörs"
515006,391987,392013,"7","",50,22,"Õsz","utca","O",17,25,"E",16,22,"Budaörs"
515007,391988,392014,"7","",50,8,"Bányász","utca","E",68,76,"O",71,83,"Budaörs"
515009,391960,391975,"7","",50,22,"Malomkõ","utca","",0,0,"O",7,7,"Budaörs"
515011,392005,391178,"7","",50,22,"Kócsag","utca","O",1,5,"E",2,12,"Budaörs"
515012,392000,392016,"7","",50,22,"Aradi","utca","O",43,47,"E",62,80,"Budaörs"
515013,391977,392017,"7","",50,22,"Bóbita","utca","O",1,5,"E",2,6,"Budaörs"
515014,390894,392018,"7","FT",50,22,"Csillag","utca","O",1,5,"E",2,6,"Budaörs"
515015,391995,392019,"7","",50,22,"Öntõ","utca","O",3,3,"E",2,4,"Budaörs"
515016,392020,392001,"7","",50,22,"Vas","utca","O",5,15,"E",4,16,"Budaörs"
515017,392014,392003,"7","",50,22,"Ötvös","utca","O",15,25,"E",16,28,"Budaörs"
515019,392018,392013,"7","FT",50,22,"Csillag","utca","O",7,11,"E",8,14,"Budaörs"
515022,392022,392004,"7","",50,22,"Zombori","utca","E",32,50,"",0,0,"Budaörs"
515023,392000,392023,"7","",50,22,"Hajnal","utca","O",1,7,"E",2,4,"Budaörs"
515027,392019,392020,"7","",50,22,"Vas","utca","O",1,3,"E",2,2,"Budaörs"
515028,391993,392012,"6","",50,30,"Õszibarack","utca","O",29,31,"E",22,24,"Budaörs"
515029,392013,392017,"7","FT",50,22,"Csillag","utca","O",13,21,"E",16,24,"Budaörs"
515031,392017,392026,"7","",50,22,"Csillag","utca","O",23,23,"E",26,26,"Budaörs"
515032,391174,392003,"7","",50,22,"Mozdony","utca","O",1,29,"E",2,28,"Budaörs"
515033,392027,391998,"7","",50,22,"Beregszászi","utca","",0,0,"O",1,1,"Budaörs"
515035,392030,392029,"7","",50,22,"Fenyves","utca","O",1,5,"E",2,10,"Budaörs"
515036,392023,392025,"7","",50,22,"Õszibarack","utca","",0,0,"E",30,30,"Budaörs"
515037,392031,392027,"7","",50,22,"Szalonka","utca","O",1,1,"E",2,2,"Budaörs"
515038,392027,392024,"7","",50,22,"Szalonka","utca","O",3,25,"E",4,24,"Budaörs"
515039,391173,392014,"7","",50,22,"Ötvös","utca","O",1,13,"E",2,14,"Budaörs"
515040,392033,392032,"7","",50,22,"Kertész","köz","O",1,5,"E",2,8,"Budaörs"
515043,392034,391172,"7","",50,22,"Esztergályos","utca","O",7,21,"E",6,22,"Budaörs"
515044,392037,392011,"7","",50,22,"Kismartoni","utca","E",2,10,"O",1,25,"Budaörs"
515045,392019,392038,"7","",50,22,"Öntõ","utca","O",5,13,"E",6,26,"Budaörs"
515046,392040,392039,"7","",50,22,"Szellõ","utca","O",25,25,"E",26,26,"Budaörs"
515047,392036,392040,"7","",50,22,"Szellõ","utca","O",23,23,"E",24,24,"Budaörs"
515048,392041,392022,"7","",50,22,"Zombori","utca","E",4,30,"",0,0,"Budaörs"
515049,392042,392036,"7","",50,22,"Szellõ","utca","O",21,21,"E",22,22,"Budaörs"
515051,392029,392032,"7","",50,22,"Szellõ","utca","O",7,11,"E",8,12,"Budaörs"
515052,392032,392042,"7","",50,22,"Szellõ","utca","O",13,19,"E",14,20,"Budaörs"
515053,390896,392043,"7","TF",50,22,"Szellõ","utca","O",1,5,"E",2,6,"Budaörs"
515057,392039,392046,"6","",50,30,"Kikelet","utca","O",1,9,"E",2,6,"Budaörs"
515058,392038,392034,"7","",50,22,"Esztergályos","utca","O",1,5,"E",2,4,"Budaörs"
515063,392046,392614,"7","",50,22,"Bíbor","utca","E",2,10,"O",1,13,"Budaörs"
515065,392042,392049,"7","",50,22,"Szellõ","köz","O",1,21,"E",2,14,"Budaörs"
515066,391986,392041,"7","",50,22,"Vöröskõ","utca","O",1,11,"E",2,14,"Budaörs"
515068,392048,392047,"7","",50,22,"Fém","utca","O",7,29,"E",14,32,"Budaörs"
515070,392038,392050,"7","",50,22,"Öntõ","utca","O",15,21,"E",28,28,"Budaörs"
515071,390899,392041,"7","",50,22,"Zombori","utca","E",2,2,"O",1,1,"Budaörs"
515073,392046,392051,"6","",50,30,"Kikelet","utca","O",11,19,"E",8,16,"Budaörs"
515075,390903,391986,"7","",50,22,"Kassai","utca","E",2,2,"O",1,1,"Budaörs"
515076,392047,392053,"7","",50,22,"Lakatos","utca","O",1,5,"E",2,6,"Budaörs"
515077,392050,392048,"7","",50,22,"Fém","utca","O",1,5,"E",2,12,"Budaörs"
515079,392051,392615,"7","",50,22,"Bojt","utca","E",2,8,"O",1,9,"Budaörs"
515081,392043,391188,"7","",50,22,"Vak Bottyán","utca","O",1,35,"E",2,38,"Budaörs"
515082,392051,392055,"6","",50,30,"Kikelet","utca","O",21,29,"E",18,24,"Budaörs"
515083,392040,391191,"7","",50,22,"Pántlika","utca","O",1,31,"E",2,24,"Budaörs"
515085,392032,391192,"7","",50,22,"Kertész","utca","O",1,31,"E",2,10,"Budaörs"
515087,392050,392057,"7","",50,22,"Öntõ","utca","O",23,27,"E",30,36,"Budaörs"
515088,392055,392616,"7","",50,22,"Delelõ","utca","E",2,6,"O",1,7,"Budaörs"
515091,392055,391189,"6","",50,30,"Kikelet","utca","O",31,39,"E",26,30,"Budaörs"
515733,391654,391602,"7","",50,22,"Méhecske","utca","",0,0,"E",2,6,"Törökbálint"
515740,392491,392494,"7","",50,22,"","","",0,0,"",0,0,"Törökbálint"
515745,392495,392494,"7","",50,22,"","","",0,0,"",0,0,"Törökbálint"
515748,392499,391669,"7","",50,22,"","","",0,0,"",0,0,"Törökbálint"
515755,392013,392033,"7","",50,22,"Kertész","köz","O",1,5,"E",2,8,"Budaörs"
515773,392508,391251,"7","",50,22,"Boglárka","utca","O",3,33,"",0,0,"Budaörs"
515774,390853,392508,"7","",50,22,"Boglárka","utca","O",3,33,"",0,0,"Budaörs"
515775,391266,392510,"6","",50,30,"Árvácska","utca","E",2,16,"O",1,21,"Budaörs"
515776,392512,392513,"7","",50,22,"","","E",2,16,"O",1,21,"Budaörs"
515777,392510,392512,"6","",50,30,"Árvácska","utca","E",2,16,"O",1,21,"Budaörs"
515778,392510,392513,"7","",50,22,"Árvácska","utca","E",2,16,"O",1,21,"Budaörs"
515779,392513,392511,"7","",50,22,"Árvácska","utca","E",2,16,"O",1,21,"Budaörs"
515780,392514,392515,"7","",50,8,"Árvácska","utca","E",2,16,"O",1,21,"Budaörs"
515782,392517,391256,"7","",50,22,"Bazsarózsa","utca","O",17,29,"",0,0,"Budaörs"
515783,391259,392517,"7","",50,22,"Bazsarózsa","utca","O",17,29,"",0,0,"Budaörs"
515793,392523,391576,"7","",50,22,"Budakeszi","utca","",0,0,"",0,0,"Budaörs"
515803,391168,392531,"7","",50,8,"","","O",1,13,"E",2,14,"Budaörs"
515804,391932,392531,"7","",50,22,"Bányász","utca","E",46,52,"O",49,55,"Budaörs"
515805,392531,391945,"7","",50,22,"Bányász","utca","E",46,52,"O",49,55,"Budaörs"
515811,392536,391364,"7","",50,22,"Holdfény","utca","",0,0,"E",2,12,"Budaörs"
515812,390863,392536,"7","",50,22,"Holdfény","utca","",0,0,"E",2,12,"Budaörs"
515813,391435,392537,"7","FT",50,22,"Szabadság","út","",0,0,"O",131,145,"Budaörs"
515814,392537,391434,"7","FT",50,22,"Szabadság","út","",0,0,"O",131,145,"Budaörs"
515815,392538,391465,"7","TF",50,22,"Lévai","utca","O",1,31,"",0,0,"Budaörs"
515817,391043,392540,"7","TF",50,22,"Lévai","utca","O",1,31,"",0,0,"Budaörs"
515822,392540,392542,"7","TF",50,22,"Lévai","utca","O",1,31,"",0,0,"Budaörs"
515823,392542,392538,"7","TF",50,22,"Lévai","utca","O",1,31,"",0,0,"Budaörs"
515824,392543,392544,"7","",50,22,"Lévai","utca","O",33,33,"",0,0,"Budaörs"
515825,391465,392544,"7","FT",50,22,"Lévai","utca","O",33,33,"",0,0,"Budaörs"
515826,392544,391435,"7","",50,22,"Lévai","utca","O",33,33,"",0,0,"Budaörs"
515827,392543,392545,"7","",50,22,"Lévai","utca","O",33,33,"",0,0,"Budaörs"
515834,391482,392549,"7","FT",50,22,"Sport","utca","",0,0,"",0,0,"Budaörs"
515838,392551,392552,"7","TF",50,22,"Sport","utca","",0,0,"",0,0,"Budaörs"
515842,392553,391488,"7","FT",50,22,"Sport","utca","E",6,6,"",0,0,"Budaörs"
515843,391495,392553,"7","FT",50,22,"Sport","utca","E",6,6,"",0,0,"Budaörs"
515850,391058,392557,"5.1","FT",50,40,"Sport","utca","",0,0,"",0,0,"Budaörs"
515853,391525,392558,"6","FT",50,30,"Sport","utca","",0,0,"",0,0,"Budaörs"
515858,392561,391923,"7","",50,22,"Beregszászi","utca","",0,0,"O",29,33,"Budaörs"
515859,391944,392561,"7","",50,22,"Beregszászi","utca","",0,0,"O",29,33,"Budaörs"
515862,392563,391179,"7","",50,8,"Vöröshegy","utca","",0,0,"O",19,19,"Budapest"
515863,391178,392563,"7","",50,8,"Vöröshegy","utca","",0,0,"O",19,19,"Budapest"
515866,391752,391780,"7","",50,22,"Gesztenye","utca","O",1,9,"E",2,4,"Budaörs"
515870,391749,392568,"7","TF",50,22,"Farkasréti","utca","O",7,35,"E",10,30,"Budaörs"
515871,392568,391782,"7","TF",50,22,"Farkasréti","utca","O",7,35,"E",10,30,"Budaörs"
515872,392567,392572,"7","FT",50,22,"Bokréta","utca","O",1,7,"E",2,10,"Budaörs"
515873,391766,392567,"7","FT",50,22,"Bokréta","utca","O",1,7,"E",2,10,"Budaörs"
515879,392570,391149,"6","FT",50,30,"Templom","tér","",0,0,"",0,0,"Budaörs"
515882,391753,392574,"7","",50,22,"Templom","tér","",0,0,"",0,0,"Budaörs"
515884,390887,392576,"4","FT",50,45,"Templom","tér","",0,0,"",0,0,"Budaörs"
515887,391759,392578,"7","",50,22,"Esze Tamás","utca","O",3,11,"",0,0,"Budaörs"
515888,392578,392571,"7","",50,22,"Esze Tamás","utca","O",3,11,"",0,0,"Budaörs"
515893,392580,392581,"7","",50,22,"Présház","utca","",0,0,"E",2,16,"Budaörs"
515894,391712,392580,"6","",50,30,"Présház","utca","",0,0,"E",2,16,"Budaörs"
515900,392586,391636,"7","",50,22,"Kõhíd","utca","",0,0,"E",2,18,"Budaörs"
515901,391655,392586,"7","",50,22,"Kõhíd","utca","",0,0,"E",2,18,"Budaörs"
515902,392585,391631,"7","",50,22,"Kõfejtõ","utca","",0,0,"E",2,20,"Budaörs"
515903,391644,392585,"6","",50,30,"Kõfejtõ","utca","",0,0,"E",2,20,"Budaörs"
515904,392588,392587,"6","",50,30,"Nefelejcs","utca","O",9,17,"E",22,22,"Budaörs"
515905,392587,391704,"6","",50,30,"Nefelejcs","utca","O",9,17,"E",22,22,"Budaörs"
515907,392590,391691,"6","",50,30,"Kõkapu","utca","O",1,1,"",0,0,"Budaörs"
515908,391703,392590,"6","",50,30,"Kõkapu","utca","O",1,1,"",0,0,"Budaörs"
515915,392594,390878,"4","",50,45,"Szabadság","út","O",53,89,"E",48,86,"Budaörs"
515918,392595,392594,"4","",50,45,"Szabadság","út","O",53,89,"E",48,86,"Budaörs"
515919,390879,392595,"4","",50,45,"Szabadság","út","O",53,89,"E",48,86,"Budaörs"
515920,392598,392597,"7","",50,22,"Nádasdûlõ","sétány","O",1,21,"E",10,14,"Budaörs"
515921,392596,391415,"7","",50,22,"Nádasdûlõ","sétány","O",1,21,"E",10,14,"Budaörs"
515922,392597,392596,"7","",50,22,"Nádasdûlõ","sétány","O",1,21,"E",10,14,"Budaörs"
515923,392598,391032,"6","",50,30,"Szivárvány","utca","O",1,1,"E",12,20,"Budaörs"
515924,391030,392598,"6","",50,30,"Szivárvány","utca","O",1,1,"E",12,20,"Budaörs"
515927,392600,392601,"7","",50,22,"Széles","utca","O",29,37,"E",56,78,"Budaörs"
515928,391539,392601,"7","",50,22,"Építõk","útja","E",2,4,"",0,0,"Budaörs"
515929,392601,391560,"7","",50,22,"Építõk","útja","E",2,4,"",0,0,"Budaörs"
515930,392600,391071,"5.2","",50,35,"Baross","utca","O",61,61,"E",72,72,"Budaörs"
515931,391073,392600,"5.2","",50,35,"Baross","utca","O",61,61,"E",72,72,"Budaörs"
515933,392603,391608,"7","",50,22,"Petõfi Sándor","utca","O",33,53,"E",34,54,"Budaörs"
515934,391080,392603,"7","",50,22,"Petõfi Sándor","utca","O",33,53,"E",34,54,"Budaörs"
515935,392602,391589,"7","",50,22,"Munkácsy Mihály","utca","O",1,29,"E",2,32,"Budaörs"
515936,391077,392602,"7","",50,22,"Munkácsy Mihály","utca","O",1,29,"E",2,32,"Budaörs"
515940,392610,391079,"5.1","FT",50,40,"","","",0,0,"",0,0,"Budaörs"
515941,391084,392610,"5.1","FT",50,40,"","","",0,0,"",0,0,"Budaörs"
515945,392617,392618,"6","",50,30,"","","",0,0,"",0,0,"Budaörs"
515946,392617,392613,"7","",50,22,"Szellõ","utca","",0,0,"",0,0,"Budaörs"
515948,392618,392023,"7","",50,22,"Õszibarack","utca","O",33,35,"E",26,28,"Budaörs"
515949,392012,392618,"6","",50,30,"Õszibarack","utca","O",33,35,"E",26,28,"Budaörs"
515950,391828,392619,"7","",50,22,"Tavasz","utca","O",21,45,"E",12,36,"Budaörs"
515951,392619,391870,"7","",50,22,"Tavasz","utca","O",21,45,"E",12,36,"Budaörs"
515952,391804,392620,"7","",50,22,"Nyár","utca","O",1,3,"E",2,6,"Budaörs"
515953,392620,391815,"7","",50,22,"Nyár","utca","O",1,3,"E",2,6,"Budaörs"
515955,391807,392621,"7","",50,22,"Tavasz","utca","",0,0,"E",2,4,"Budaörs"
515956,392621,391816,"7","",50,22,"Tavasz","utca","",0,0,"E",2,4,"Budaörs"
515958,392512,392514,"6","",50,30,"Árvácska","utca","E",2,16,"O",1,21,"Budaörs"
515959,392514,391283,"6","",50,30,"Árvácska","utca","E",2,16,"O",1,21,"Budaörs"
516438,392819,392818,"7","",50,22,"Sport","utca","",0,0,"",0,0,"Budaörs"
523655,397989,390882,"4","",50,45,"Szabadság","út","O",13,51,"E",22,46,"Budaörs"
